SQL> SET PAGES 200 LINES 200;
SQL> 
SQL> --Q1. WAQTD NAME OF THE EMPLOYEE AND HIS LOCATION OF ALL THE EMPLOYEE.--
SQL> SELECT ENAME, LOC
  2  FROM EMP, DEPT
  3  WHERE EMP.DEPTNO = DEPT.DEPTNO;

ENAME      LOC                                                                                                                                                                                          
---------- -------------                                                                                                                                                                                
SMITH      DALLAS                                                                                                                                                                                       
ALLEN      CHICAGO                                                                                                                                                                                      
WARD       CHICAGO                                                                                                                                                                                      
JONES      DALLAS                                                                                                                                                                                       
MARTIN     CHICAGO                                                                                                                                                                                      
BLAKE      CHICAGO                                                                                                                                                                                      
CLARK      NEW YORK                                                                                                                                                                                     
SCOTT      DALLAS                                                                                                                                                                                       
KING       NEW YORK                                                                                                                                                                                     
TURNER     CHICAGO                                                                                                                                                                                      
ADAMS      DALLAS                                                                                                                                                                                       
JAMES      CHICAGO                                                                                                                                                                                      
FORD       DALLAS                                                                                                                                                                                       
MILLER     NEW YORK                                                                                                                                                                                     

14 rows selected.

SQL> --Q2. WAQTD DNAME AND SALARY FOR ALL THE EMPLOYEE WORKING IN ACCOUNTING.--
SQL> SELECT DNAME, SAL
  2  FROM EMP, DEPT
  3  WHERE EMP.DEPTNO = DEPT.DEPTNO AND DNAME IN('ACCOUNTING');

DNAME                 SAL                                                                                                                                                                               
-------------- ----------                                                                                                                                                                               
ACCOUNTING           2450                                                                                                                                                                               
ACCOUNTING           5000                                                                                                                                                                               
ACCOUNTING           1300                                                                                                                                                                               

SQL> --Q3. WAQTD DNAME AND ANNUAL SALARY FOR ALL EMPLOYEES WHOS SALARY IS MORE THAN 2340.--
SQL> SELECT DNAME, SAL*12 AS ANNUAL_SALARY
  2  FROM EMP, DEPT
  3  WHERE EMP.DEPTNO = DEPT.DEPTNO AND SAL > 2340;

DNAME          ANNUAL_SALARY                                                                                                                                                                            
-------------- -------------                                                                                                                                                                            
RESEARCH               35700                                                                                                                                                                            
SALES                  34200                                                                                                                                                                            
ACCOUNTING             29400                                                                                                                                                                            
RESEARCH               36000                                                                                                                                                                            
ACCOUNTING             60000                                                                                                                                                                            
RESEARCH               36000                                                                                                                                                                            

6 rows selected.

SQL> --Q4. WAQTD ENAME AND DNAME FOR EMPLOYEES HAVING CHARACTER 'A' IN THEIR DNAME.--
SQL> SELECT ENAME, DNAME
  2  FROM EMP, DEPT
  3  WHERE EMP.DEPTNO = DEPT.DEPTNO AND DNAME LIKE '%A%';

ENAME      DNAME                                                                                                                                                                                        
---------- --------------                                                                                                                                                                               
SMITH      RESEARCH                                                                                                                                                                                     
ALLEN      SALES                                                                                                                                                                                        
WARD       SALES                                                                                                                                                                                        
JONES      RESEARCH                                                                                                                                                                                     
MARTIN     SALES                                                                                                                                                                                        
BLAKE      SALES                                                                                                                                                                                        
CLARK      ACCOUNTING                                                                                                                                                                                   
SCOTT      RESEARCH                                                                                                                                                                                     
KING       ACCOUNTING                                                                                                                                                                                   
TURNER     SALES                                                                                                                                                                                        
ADAMS      RESEARCH                                                                                                                                                                                     
JAMES      SALES                                                                                                                                                                                        
FORD       RESEARCH                                                                                                                                                                                     
MILLER     ACCOUNTING                                                                                                                                                                                   

14 rows selected.

SQL> --Q5. WAQTD ENAME AND DNAME FOR ALL THE EMPLOYEES WORKING AS SALESMAN.--
SQL> SELECT ENAME, DNAME
  2  FROM EMP, DEPT
  3  WHERE EMP.DEPTNO = DEPT.DEPTNO AND JOB IN('SALESMAN');

ENAME      DNAME                                                                                                                                                                                        
---------- --------------                                                                                                                                                                               
ALLEN      SALES                                                                                                                                                                                        
WARD       SALES                                                                                                                                                                                        
MARTIN     SALES                                                                                                                                                                                        
TURNER     SALES                                                                                                                                                                                        

SQL> --Q6. WAQTD DNAME AND JOB FOR ALL THE EMPLOYEES WHOS JOB AND DNAME STARTS WITH CHARACTER 'S'.--
SQL> SELECT DNAME, JOB
  2  FROM EMP, DEPT
  3  WHERE EMP.DEPTNO = DEPT.DEPTNO AND JOB LIKE 'S%' AND DNAME LIKE 'S%';

DNAME          JOB                                                                                                                                                                                      
-------------- ---------                                                                                                                                                                                
SALES          SALESMAN                                                                                                                                                                                 
SALES          SALESMAN                                                                                                                                                                                 
SALES          SALESMAN                                                                                                                                                                                 
SALES          SALESMAN                                                                                                                                                                                 

SQL> ED
Wrote file afiedt.buf

  1  SELECT DNAME, JOB
  2  FROM EMP, DEPT
  3* WHERE EMP.DEPTNO = DEPT.DEPTNO AND JOB LIKE 'S%' OR DNAME LIKE 'S%'
SQL> /

DNAME          JOB                                                                                                                                                                                      
-------------- ---------                                                                                                                                                                                
SALES          CLERK                                                                                                                                                                                    
SALES          SALESMAN                                                                                                                                                                                 
SALES          SALESMAN                                                                                                                                                                                 
SALES          MANAGER                                                                                                                                                                                  
SALES          SALESMAN                                                                                                                                                                                 
SALES          MANAGER                                                                                                                                                                                  
SALES          MANAGER                                                                                                                                                                                  
SALES          ANALYST                                                                                                                                                                                  
SALES          PRESIDENT                                                                                                                                                                                
SALES          SALESMAN                                                                                                                                                                                 
SALES          CLERK                                                                                                                                                                                    
SALES          CLERK                                                                                                                                                                                    
SALES          ANALYST                                                                                                                                                                                  
SALES          CLERK                                                                                                                                                                                    

14 rows selected.

SQL> --Q7. WAQTD DNAME AND MGR NO FOR EMPLOYEES REPORTING TO 7839.--
SQL> SELECT DNAME, MGR
  2  FROM EMP, DEPT
  3  WHERE EMP.DEPTNO = DEPT.DEPTNO AND MGR IN(7839);

DNAME                 MGR                                                                                                                                                                               
-------------- ----------                                                                                                                                                                               
RESEARCH             7839                                                                                                                                                                               
SALES                7839                                                                                                                                                                               
ACCOUNTING           7839                                                                                                                                                                               

SQL> --Q8. WAQTD DNAME AND HIREDATE FOR EMPLOYEES HIRED AFTER 83 INTO ACCOUNTING ORRESEARCH DEPT.--
SQL> SELECT DNAME, HIREDATE
  2  FROM EPM, DEPT
  3  WHERE EMP.DEPTNO = DEPT.DEPTNO AND HIREDATE > '31-DEC-83' AND DNAME IN('ACCOUNTING', 'RESEARCH');
FROM EPM, DEPT
     *
ERROR at line 2:
ORA-00942: table or view does not exist 


SQL> ED
Wrote file afiedt.buf

  1  SELECT DNAME, HIREDATE
  2  FROM EPM, DEPT
  3* WHERE EMP.DEPTNO = DEPT.DEPTNO AND HIREDATE > '31-DEC-83' AND DNAME IN('ACCOUNTING', 'RESEARCH')
SQL> /
FROM EPM, DEPT
     *
ERROR at line 2:
ORA-00942: table or view does not exist 


SQL> ED
Wrote file afiedt.buf

  1  SELECT DNAME, HIREDATE
  2  FROM EMP, DEPT
  3* WHERE EMP.DEPTNO = DEPT.DEPTNO AND HIREDATE > '31-DEC-83' AND DNAME IN('ACCOUNTING', 'RESEARCH')
SQL> /

DNAME          HIREDATE                                                                                                                                                                                 
-------------- ---------                                                                                                                                                                                
RESEARCH       19-APR-87                                                                                                                                                                                
RESEARCH       23-MAY-87                                                                                                                                                                                

SQL> ED
Wrote file afiedt.buf

  1  SELECT DNAME, HIREDATE
  2  FROM EMP, DEPT
  3* WHERE EMP.DEPTNO = DEPT.DEPTNO AND HIREDATE > '31-DEC-83' AND DNAME IN('ACCOUNTING') OR DNAME IN 'RESEARCH'
SQL> /

DNAME          HIREDATE                                                                                                                                                                                 
-------------- ---------                                                                                                                                                                                
RESEARCH       17-DEC-80                                                                                                                                                                                
RESEARCH       20-FEB-81                                                                                                                                                                                
RESEARCH       22-FEB-81                                                                                                                                                                                
RESEARCH       02-APR-81                                                                                                                                                                                
RESEARCH       28-SEP-81                                                                                                                                                                                
RESEARCH       01-MAY-81                                                                                                                                                                                
RESEARCH       09-JUN-81                                                                                                                                                                                
RESEARCH       19-APR-87                                                                                                                                                                                
RESEARCH       17-NOV-81                                                                                                                                                                                
RESEARCH       08-SEP-81                                                                                                                                                                                
RESEARCH       23-MAY-87                                                                                                                                                                                
RESEARCH       03-DEC-81                                                                                                                                                                                
RESEARCH       03-DEC-81                                                                                                                                                                                
RESEARCH       23-JAN-82                                                                                                                                                                                

14 rows selected.

SQL> ED
Wrote file afiedt.buf

  1  SELECT DNAME, HIREDATE
  2  FROM EMP, DEPT
  3* WHERE EMP.DEPTNO = DEPT.DEPTNO AND HIREDATE > '31-DEC-83' AND DNAME IN('ACCOUNTING') OR DNAME IN 'RESEARCH'
SQL> /

DNAME          HIREDATE                                                                                                                                                                                 
-------------- ---------                                                                                                                                                                                
RESEARCH       17-DEC-80                                                                                                                                                                                
RESEARCH       20-FEB-81                                                                                                                                                                                
RESEARCH       22-FEB-81                                                                                                                                                                                
RESEARCH       02-APR-81                                                                                                                                                                                
RESEARCH       28-SEP-81                                                                                                                                                                                
RESEARCH       01-MAY-81                                                                                                                                                                                
RESEARCH       09-JUN-81                                                                                                                                                                                
RESEARCH       19-APR-87                                                                                                                                                                                
RESEARCH       17-NOV-81                                                                                                                                                                                
RESEARCH       08-SEP-81                                                                                                                                                                                
RESEARCH       23-MAY-87                                                                                                                                                                                
RESEARCH       03-DEC-81                                                                                                                                                                                
RESEARCH       03-DEC-81                                                                                                                                                                                
RESEARCH       23-JAN-82                                                                                                                                                                                

14 rows selected.

SQL> --Q9. WAQTD ENAME AND DNAME OF THE EMPLOYEES WHO ARE GETTING COMM IN DEPT 10 OR 30..--
SQL> SELECT ENAME, DNAME
  2  FROM EMP, DEPT
  3  WHERE EMP.DEPTNO = DEPT.DEPTNO AND COMM IS NOT NULL AND DEPTNO IN(10, 30);
WHERE EMP.DEPTNO = DEPT.DEPTNO AND COMM IS NOT NULL AND DEPTNO IN(10, 30)
                                                        *
ERROR at line 3:
ORA-00918: column ambiguously defined 


SQL> ED
Wrote file afiedt.buf

  1  SELECT ENAME, DNAME
  2  FROM EMP, DEPT
  3* WHERE EMP.DEPTNO = DEPT.DEPTNO AND COMM IS NOT NULL AND DEPTNO IN (10,30)
SQL> /
WHERE EMP.DEPTNO = DEPT.DEPTNO AND COMM IS NOT NULL AND DEPTNO IN (10,30)
                                                        *
ERROR at line 3:
ORA-00918: column ambiguously defined 


SQL> ED
Wrote file afiedt.buf

  1  SELECT ENAME, DNAME
  2  FROM EMP, DEPT
  3* WHERE EMP.DEPTNO = DEPT.DEPTNO AND COMM IS NOT NULL AND EMP.DEPTNO IN (10,30)
SQL> /

ENAME      DNAME                                                                                                                                                                                        
---------- --------------                                                                                                                                                                               
ALLEN      SALES                                                                                                                                                                                        
WARD       SALES                                                                                                                                                                                        
MARTIN     SALES                                                                                                                                                                                        
TURNER     SALES                                                                                                                                                                                        

SQL> --Q10. WAQTD DNAME AND EMPNO FOR ALL THE EMPLOYEES WHO'S EMPNO ARE(7839, 7902) AND ARE WORKING IN LOC NEW YORK.--
SQL> SELECT DNAME, EMPNO
  2  FROM EMP, DEPT
  3  WHERE EMP.DEPTNO = DEPT.DEPTNO AND EMPNO IN(7839, 7902) AND LOC IN('NEW YORK');

DNAME               EMPNO                                                                                                                                                                               
-------------- ----------                                                                                                                                                                               
ACCOUNTING           7839                                                                                                                                                                               

SQL> SPOOL OFF;
