SQL> SET PAGES 200 LINE 200
SQL> SELECT *
  2  FROM EMP
  3  WHERE ENAME LIKE '_L%' AND JOB NOT IN ='SALESMAN';
WHERE ENAME LIKE '_L%' AND JOB NOT IN ='SALESMAN'
                                      *
ERROR at line 3:
ORA-00936: missing expression 


SQL> ED
Wrote file afiedt.buf

  1  SELECT *
  2  FROM EMP
  3* WHERE ENAME LIKE '_L%' AND JOB NOT IN 'SALESMAN'
SQL> /

     EMPNO ENAME      JOB              MGR HIREDATE         SAL       COMM     DEPTNO                                                                                                                   
---------- ---------- --------- ---------- --------- ---------- ---------- ----------                                                                                                                   
      7698 BLAKE      MANAGER         7839 01-MAY-81       2850                    30                                                                                                                   
      7782 CLARK      MANAGER         7839 09-JUN-81       2450                    10                                                                                                                   

SQL> SELECT *
  2  FROM EMP
  3  WHERE ENAME LIKE '___R%' AND COMM IS NOT NULL;

no rows selected

SQL> ED
Wrote file afiedt.buf

  1  SELECT *
  2  FROM EMP
  3* WHERE ENAME LIKE '___R%' AND COMM IS  NULL
SQL> /

     EMPNO ENAME      JOB              MGR HIREDATE         SAL       COMM     DEPTNO                                                                                                                   
---------- ---------- --------- ---------- --------- ---------- ---------- ----------                                                                                                                   
      7782 CLARK      MANAGER         7839 09-JUN-81       2450                    10                                                                                                                   

SQL> --180--
SQL> SELECT *
  2  FROM EMP
  3  WHERE COMM>1000 AND JOB LIKE 'SEP' AND ENAME LIKE '%TT' AND DEPTNO NOT IN(10,20);

no rows selected

SQL> --181--
SQL> SELECT *
  2  FROM EMP
  3  WHERE HIREDATE '17-JAN-81' AND SAL BETWEEN 800 AND 5000 AND DEPTNO NOT IN 30;
WHERE HIREDATE '17-JAN-81' AND SAL BETWEEN 800 AND 5000 AND DEPTNO NOT IN 30
               *
ERROR at line 3:
ORA-00920: invalid relational operator 


SQL> ED
Wrote file afiedt.buf

  1  SELECT *
  2  FROM EMP
  3* WHERE HIREDATE = '17-JAN-81' AND SAL BETWEEN 800 AND 5000 AND DEPTNO NOT IN 30
SQL> /

no rows selected

SQL> --182--
SQL> SELECT JOB
  2  FROM EMP
  3  WHERE JOB ='ANALYST' AND ENAME LIKE '%T%T%' AND SAL BETWEEN 2000 AND 3000 AND DEPTNO IN(10,20);

JOB                                                                                                                                                                                                     
---------                                                                                                                                                                                               
ANALYST                                                                                                                                                                                                 

SQL> -- 183--
SQL> SELECT *
  2  FROM EMP
  3  WHERE ENAME LIKE '%L%L%' AND JOB NOT IN ('SALESMAN','MANAGER') AND SAL<2000 AND HIREDATE ='1-JAN-81';

no rows selected

SQL> ED
Wrote file afiedt.buf

  1  SELECT *
  2  FROM EMP
  3* WHERE ENAME LIKE '%L%L%' AND JOB NOT IN ('SALESMAN','MANAGER') AND SAL<2000 AND HIREDATE ='23-JAN-81'
SQL> /

no rows selected

SQL> --184--
SQL> SELECT *
  2  FROM EMP
  3  WHERE JOB ='ANALYST' AND ENAME LIKE '___S' AND SAL>3000;

no rows selected

SQL> ed
Wrote file afiedt.buf

  1  SELECT *
  2  FROM EMP
  3* WHERE JOB ='ANALYST' AND ENAME LIKE '___S%' AND SAL>3000
SQL> /

no rows selected

SQL> --185--
SQL> SELECT *
  2  FROM EMP
  3  WHERE JOB='SALESMAN' AND HIREDATE BETWEEN '17-DEC-18' AND '08-DEC-81' AND DEPTNO =30;

no rows selected

SQL> --186--
SQL> SELECT *
  2  FROM EMP
  3  WHERE ENAME LIKE '%KING%' AND SAL>5000 AND DEPTNO IN(10,20);

no rows selected

SQL> ED
Wrote file afiedt.buf

  1  SELECT *
  2  FROM EMP
  3* WHERE ENAME LIKE 'KING' AND SAL>5000 AND DEPTNO IN(10,20)
SQL> /

no rows selected

SQL> --187--
SQL> SELECT *
  2  FROM EMP
  3  WHERE SAL>4000 AND COMM IS NULL AND DEPTNO =10;

     EMPNO ENAME      JOB              MGR HIREDATE         SAL       COMM     DEPTNO                                                                                                                   
---------- ---------- --------- ---------- --------- ---------- ---------- ----------                                                                                                                   
      7839 KING       PRESIDENT            17-NOV-81       5000                    10                                                                                                                   

SQL> --188--
SQL> SELECT *
  2  FROM EMP
  3  WHERE MGR IS NULL AND DEPTNO IN(10,30) AND SAL>3000;

     EMPNO ENAME      JOB              MGR HIREDATE         SAL       COMM     DEPTNO                                                                                                                   
---------- ---------- --------- ---------- --------- ---------- ---------- ----------                                                                                                                   
      7839 KING       PRESIDENT            17-NOV-81       5000                    10                                                                                                                   

SQL> --189--
SQL> SELECT *
  2  FROM EMP
  3  WHERE DEPTNO=20 AND SAL>2500 AND COMM IS NULL AND ENAME NOT LIKE '%S%';

     EMPNO ENAME      JOB              MGR HIREDATE         SAL       COMM     DEPTNO                                                                                                                   
---------- ---------- --------- ---------- --------- ---------- ---------- ----------                                                                                                                   
      7902 FORD       ANALYST         7566 03-DEC-81       3000                    20                                                                                                                   

SQL> --190--
SQL> SELECT *
  2  FROM EMP
  3  WHERE SAL NOT BEETWEEN 2500 AND 5000 AND DEEPTNO IN(10,20) AND SAL*12 LIKE '%0';
WHERE SAL NOT BEETWEEN 2500 AND 5000 AND DEEPTNO IN(10,20) AND SAL*12 LIKE '%0'
              *
ERROR at line 3:
ORA-00920: invalid relational operator 


SQL> ED
Wrote file afiedt.buf

  1  SELECT *
  2  FROM EMP
  3* WHERE SAL NOT BETWEEN 2500 AND 5000 AND DEEPTNO IN(10,20) AND SAL*12 LIKE '%0'
SQL> /
WHERE SAL NOT BETWEEN 2500 AND 5000 AND DEEPTNO IN(10,20) AND SAL*12 LIKE '%0'
                                        *
ERROR at line 3:
ORA-00904: "DEEPTNO": invalid identifier 


SQL> ED
Wrote file afiedt.buf

  1  SELECT *
  2  FROM EMP
  3* WHERE SAL NOT BETWEEN 2500 AND 5000 AND DEPTNO IN(10,20) AND SAL*12 LIKE '%0'
SQL> /

     EMPNO ENAME      JOB              MGR HIREDATE         SAL       COMM     DEPTNO                                                                                                                   
---------- ---------- --------- ---------- --------- ---------- ---------- ----------                                                                                                                   
      7369 SMITH      CLERK           7902 17-DEC-80        800                    20                                                                                                                   
      7782 CLARK      MANAGER         7839 09-JUN-81       2450                    10                                                                                                                   
      7876 ADAMS      CLERK           7788 23-MAY-87       1100                    20                                                                                                                   
      7934 MILLER     CLERK           7782 23-JAN-82       1300                    10                                                                                                                   

SQL> --191--
SQL> SELECT *
  2  FROM EMP
  3  WHERE HIREDATE >'1-JAN-82' AND JOB NOT IN ('MANAGER','CLERK') AND DEPTNO IN (10,20) AND SAL BETWEEN 1000 AND 3000;

     EMPNO ENAME      JOB              MGR HIREDATE         SAL       COMM     DEPTNO                                                                                                                   
---------- ---------- --------- ---------- --------- ---------- ---------- ----------                                                                                                                   
      7788 SCOTT      ANALYST         7566 19-APR-87       3000                    20                                                                                                                   

SQL> --192--
SQL> SELECT *
  2  FROM EMP
  3  
SQL> SELECT DNAME
  2  FROM DEPT
  3  WHERE LOC LIKE '%O%' AND DNAME LIKE'%O%' AND DEPTNO IN(20,40);

DNAME                                                                                                                                                                                                   
--------------                                                                                                                                                                                          
OPERATIONS                                                                                                                                                                                              

SQL> --193--
SQL> SELECT *
  2  FROM EMP
  3  WHERE ENAME LIKE 'S%' OR ENAME LIKE 'A%' AND DEPTNO IN (20,30) AND HIREDATE <'01-MAY-81' AND HIREDATE< '01-MAY-80';

     EMPNO ENAME      JOB              MGR HIREDATE         SAL       COMM     DEPTNO                                                                                                                   
---------- ---------- --------- ---------- --------- ---------- ---------- ----------                                                                                                                   
      7369 SMITH      CLERK           7902 17-DEC-80        800                    20                                                                                                                   
      7788 SCOTT      ANALYST         7566 19-APR-87       3000                    20                                                                                                                   

SQL> --194--
SQL> SELECT *
  2  FROM EMP
  3  WHERE SAL BETWEEN 1000 AND 3000 JOB NOT IN 'SALESMAN' AND DEPTNO IN (10,20) AND COMM >1000;
WHERE SAL BETWEEN 1000 AND 3000 JOB NOT IN 'SALESMAN' AND DEPTNO IN (10,20) AND COMM >1000
                                *
ERROR at line 3:
ORA-00933: SQL command not properly ended 


SQL> ED
Wrote file afiedt.buf

  1  SELECT *
  2  FROM EMP
  3* WHERE SAL BETWEEN 1000 AND 3000 AND JOB NOT IN 'SALESMAN' AND DEPTNO IN (10,20) AND COMM >1000
SQL> /

no rows selected

SQL> --195--
SQL> SELECT DNAME
  2  FROM DEPT
  3  WHERE DEPTNO >20 AND LOC LIKE '%A%';

DNAME                                                                                                                                                                                                   
--------------                                                                                                                                                                                          
SALES                                                                                                                                                                                                   

SQL> --196--
SQL> SELECT *
  2  
SQL> SELECT JOB
  2  FROM EMP
  3  WHERE JOB ='CLERK' AND SAL<1000 AND HIREDATE LIKE '75' AND SAL*12;
WHERE JOB ='CLERK' AND SAL<1000 AND HIREDATE LIKE '75' AND SAL*12
                                                                *
ERROR at line 3:
ORA-00920: invalid relational operator 


SQL> ED
Wrote file afiedt.buf

  1  SELECT JOB
  2  FROM EMP
  3* WHERE JOB ='CLERK' AND SAL<1000 AND HIREDATE LIKE '75' AND SAL*12
SQL> /
WHERE JOB ='CLERK' AND SAL<1000 AND HIREDATE LIKE '75' AND SAL*12
                                                                *
ERROR at line 3:
ORA-00920: invalid relational operator 


SQL> ED
Wrote file afiedt.buf

  1  SELECT JOB
  2  FROM EMP
  3* WHERE JOB ='CLERK' AND SAL<1000 AND HIREDATE LIKE '75' AND SAL*12
SQL> SELECT SAL*12
  2  FROM EMP
  3  WHERE  JOB ='CLERK' AND SAL<1000 AND HIREDATE LIKE '75';

no rows selected

SQL> --196--
SQL> SELECT *
  2  
SQL> SELECT JOB
  2  
SQL> SELECT SAL*24
  2  FROM EMP
  3  WHERE JOB IN ('MANAGER','SALESMAN','ANALYST') AND DEPTNO IN (10,30) SAL<2000;
WHERE JOB IN ('MANAGER','SALESMAN','ANALYST') AND DEPTNO IN (10,30) SAL<2000
                                                                    *
ERROR at line 3:
ORA-00933: SQL command not properly ended 


SQL> ED
Wrote file afiedt.buf

  1  SELECT SAL*24
  2  FROM EMP
  3* WHERE JOB IN ('MANAGER','SALESMAN','ANALYST') AND DEPTNO IN (10,30) SAL<2000
SQL> ED
Wrote file afiedt.buf

  1  SELECT SAL*24
  2  FROM EMP
  3* WHERE JOB IN ('MANAGER','SALESMAN','ANALYST') AND DEPTNO IN (10,30) AND SAL<2000
SQL> /

    SAL*24                                                                                                                                                                                              
----------                                                                                                                                                                                              
     38400                                                                                                                                                                                              
     30000                                                                                                                                                                                              
     30000                                                                                                                                                                                              
     36000                                                                                                                                                                                              

SQL> SELECT SAL*6
  2  FROM EMP
  3  WHERE HIREDATE >'01-JAN-81' AND SAL BETWEEN 2501 AND 3999;

     SAL*6                                                                                                                                                                                              
----------                                                                                                                                                                                              
     17850                                                                                                                                                                                              
     17100                                                                                                                                                                                              
     18000                                                                                                                                                                                              
     18000                                                                                                                                                                                              

SQL> --199--
SQL> SELECT JOB
  2  FROM EMP
  3  WHERE JOB ='MANAGER' AND SAL>2500 AND DEPTNO IN (20,30);

JOB                                                                                                                                                                                                     
---------                                                                                                                                                                                               
MANAGER                                                                                                                                                                                                 
MANAGER                                                                                                                                                                                                 

SQL> --200-
SQL> SELECT *
  2  FROM EMP
  3  WHERE EMPNO LIKE '_8' AND JOB NOT IN 'MANAGER';

no rows selected

SQL> -201--
> SELECT *
SP2-0734: unknown command beginning "-201- SELE..." - rest of line ignored.
SQL> 
SQL> SELECT *
  2  FROM EMP
  3  WHERE DEPTNO IN (10,20,30) AND SAL>2000 AND HIREDATE BETWEEN '01-JAN-85' AND '31-DEC-87';

     EMPNO ENAME      JOB              MGR HIREDATE         SAL       COMM     DEPTNO                                                                                                                   
---------- ---------- --------- ---------- --------- ---------- ---------- ----------                                                                                                                   
      7788 SCOTT      ANALYST         7566 19-APR-87       3000                    20                                                                                                                   

SQL> --202--
SQL> SELECT *
  2  FROM DEPT
  3  WHERE LOC NOT LIKE '%L%';

    DEPTNO DNAME          LOC                                                                                                                                                                           
---------- -------------- -------------                                                                                                                                                                 
        10 ACCOUNTING     NEW YORK                                                                                                                                                                      
        30 SALES          CHICAGO                                                                                                                                                                       
        40 OPERATIONS     BOSTON                                                                                                                                                                        

SQL> --203--
SQL> SELECT *
  2  FROM EMP
  3  WHERE SAL>1500 AND COMM >1500 AND DEPTNO IN (20,30) AND ENAME LIKE '%A%';

no rows selected

SQL> SELECT SAL*12
  2  FROM EMP
  3  WHERE JOB ='CLERK' AND SAL LIKE '%00';

    SAL*12                                                                                                                                                                                              
----------                                                                                                                                                                                              
      9600                                                                                                                                                                                              
     13200                                                                                                                                                                                              
     15600                                                                                                                                                                                              

SQL> --205--
SQL> SELECT *
  2  FROM EMP
  3  WHERE ENAME LIKE 'A%' AND SAL BETWEEN 1000 AND 3000;

     EMPNO ENAME      JOB              MGR HIREDATE         SAL       COMM     DEPTNO                                                                                                                   
---------- ---------- --------- ---------- --------- ---------- ---------- ----------                                                                                                                   
      7499 ALLEN      SALESMAN        7698 20-FEB-81       1600        300         30                                                                                                                   
      7876 ADAMS      CLERK           7788 23-MAY-87       1100                    20                                                                                                                   

SQL> --206--
SQL> SELECT *
  2  FROM EMP
  3  WHERE ENAME LIKE'_____' AND DEPTNO =30;

     EMPNO ENAME      JOB              MGR HIREDATE         SAL       COMM     DEPTNO                                                                                                                   
---------- ---------- --------- ---------- --------- ---------- ---------- ----------                                                                                                                   
      7499 ALLEN      SALESMAN        7698 20-FEB-81       1600        300         30                                                                                                                   
      7698 BLAKE      MANAGER         7839 01-MAY-81       2850                    30                                                                                                                   
      7900 JAMES      CLERK           7698 03-DEC-81        950                    30                                                                                                                   

SQL> --207--
SQL> SELECT *
  2  FROM EMP
  3  WHERE MGR IS NOT NULL AND DEPTNO IN(20,30);

     EMPNO ENAME      JOB              MGR HIREDATE         SAL       COMM     DEPTNO                                                                                                                   
---------- ---------- --------- ---------- --------- ---------- ---------- ----------                                                                                                                   
      7369 SMITH      CLERK           7902 17-DEC-80        800                    20                                                                                                                   
      7499 ALLEN      SALESMAN        7698 20-FEB-81       1600        300         30                                                                                                                   
      7521 WARD       SALESMAN        7698 22-FEB-81       1250        500         30                                                                                                                   
      7566 JONES      MANAGER         7839 02-APR-81       2975                    20                                                                                                                   
      7654 MARTIN     SALESMAN        7698 28-SEP-81       1250       1400         30                                                                                                                   
      7698 BLAKE      MANAGER         7839 01-MAY-81       2850                    30                                                                                                                   
      7788 SCOTT      ANALYST         7566 19-APR-87       3000                    20                                                                                                                   
      7844 TURNER     SALESMAN        7698 08-SEP-81       1500          0         30                                                                                                                   
      7876 ADAMS      CLERK           7788 23-MAY-87       1100                    20                                                                                                                   
      7900 JAMES      CLERK           7698 03-DEC-81        950                    30                                                                                                                   
      7902 FORD       ANALYST         7566 03-DEC-81       3000                    20                                                                                                                   

11 rows selected.

SQL> SELECT ENAME
  2  FRPM EMP
  3  WHERE EMPNO
  4  
SQL> SELECT EMPNO
  2  FROM EMP
  3  WHERE ENAME NOT LIKE '%S';

     EMPNO                                                                                                                                                                                              
----------                                                                                                                                                                                              
      7369                                                                                                                                                                                              
      7499                                                                                                                                                                                              
      7521                                                                                                                                                                                              
      7654                                                                                                                                                                                              
      7698                                                                                                                                                                                              
      7782                                                                                                                                                                                              
      7788                                                                                                                                                                                              
      7839                                                                                                                                                                                              
      7844                                                                                                                                                                                              
      7902                                                                                                                                                                                              
      7934                                                                                                                                                                                              

11 rows selected.

SQL> --209--
SQL> SELECT *
  2  FROM EMP
  3  WHERE JOB= 'CLERK' AND DEPTNO=30 AND SAL>2000;

no rows selected

SQL> --210--
SQL> SELECT *
  2  FROM EMP
  3  WHERE ENAME LIKE '__R' AND JOB NOT IN 'CLERK' AND HIREDATE >'01-JAN-81';

no rows selected

SQL> --212--
SQL> SELECT *
  2  FROM EMP
  3  
SQL> SELECT *
  2  FROM DEPT
  3  WHERE LOC LIKE '%A' AND DETPNO NOT IN 10;
WHERE LOC LIKE '%A' AND DETPNO NOT IN 10
                        *
ERROR at line 3:
ORA-00904: "DETPNO": invalid identifier 


SQL> ED
Wrote file afiedt.buf

  1  SELECT *
  2  FROM DEPT
  3* WHERE LOC LIKE '%A' AND DEPTNO NOT IN 10
SQL> /

no rows selected

SQL> --213--
SQL> SELECT *
  2  FROM EMP
  3  WHERE COMM IS NULL AND DEPTNO IN (20,30);

     EMPNO ENAME      JOB              MGR HIREDATE         SAL       COMM     DEPTNO                                                                                                                   
---------- ---------- --------- ---------- --------- ---------- ---------- ----------                                                                                                                   
      7369 SMITH      CLERK           7902 17-DEC-80        800                    20                                                                                                                   
      7566 JONES      MANAGER         7839 02-APR-81       2975                    20                                                                                                                   
      7698 BLAKE      MANAGER         7839 01-MAY-81       2850                    30                                                                                                                   
      7788 SCOTT      ANALYST         7566 19-APR-87       3000                    20                                                                                                                   
      7876 ADAMS      CLERK           7788 23-MAY-87       1100                    20                                                                                                                   
      7900 JAMES      CLERK           7698 03-DEC-81        950                    30                                                                                                                   
      7902 FORD       ANALYST         7566 03-DEC-81       3000                    20                                                                                                                   

7 rows selected.

SQL> --214--
SQL> SELECT *
  2  FROM EMP
  3  WHERE ENAME LIKE '%A%' AND ENAME LIKE '%R%' AND COMM IS NOT NULL;

     EMPNO ENAME      JOB              MGR HIREDATE         SAL       COMM     DEPTNO                                                                                                                   
---------- ---------- --------- ---------- --------- ---------- ---------- ----------                                                                                                                   
      7521 WARD       SALESMAN        7698 22-FEB-81       1250        500         30                                                                                                                   
      7654 MARTIN     SALESMAN        7698 28-SEP-81       1250       1400         30                                                                                                                   

SQL> --216--
SQL> SELECT *
  2  FROM EMO
  3  WHERE SAL NOT BETWEEEN 1000 AND 5000 AND HIREDATE >'01-JAN-81';
WHERE SAL NOT BETWEEEN 1000 AND 5000 AND HIREDATE >'01-JAN-81'
              *
ERROR at line 3:
ORA-00920: invalid relational operator 


SQL> ED
Wrote file afiedt.buf

  1  SELECT *
  2  FROM EMO
  3* WHERE SAL NOT BETWEEN 1000 AND 5000 AND HIREDATE >'01-JAN-81'
SQL> /
FROM EMO
     *
ERROR at line 2:
ORA-00942: table or view does not exist 


SQL> ED
Wrote file afiedt.buf

  1  SELECT *
  2  FROM EMP
  3* WHERE SAL NOT BETWEEN 1000 AND 5000 AND HIREDATE >'01-JAN-81'
SQL> /

     EMPNO ENAME      JOB              MGR HIREDATE         SAL       COMM     DEPTNO                                                                                                                   
---------- ---------- --------- ---------- --------- ---------- ---------- ----------                                                                                                                   
      7900 JAMES      CLERK           7698 03-DEC-81        950                    30                                                                                                                   

SQL> --217--
SQL> SELECT *
  2  FROM DEPT
  3  WHERE ENAME LIKE '%ON%' AND LOC LIKE '%ON%;
ERROR:
ORA-01756: quoted string not properly terminated 


SQL> ED
Wrote file afiedt.buf

  1  SELECT *
  2  FROM DEPT
  3* WHERE ENAME LIKE '%ON%' AND LOC LIKE '%ON%'
SQL> /
WHERE ENAME LIKE '%ON%' AND LOC LIKE '%ON%'
      *
ERROR at line 3:
ORA-00904: "ENAME": invalid identifier 


SQL> ED
Wrote file afiedt.buf

  1  SELECT *
  2  FROM DEPT
  3* WHERE DNAME LIKE '%ON%' AND LOC LIKE '%ON%'
SQL> /

    DEPTNO DNAME          LOC                                                                                                                                                                           
---------- -------------- -------------                                                                                                                                                                 
        40 OPERATIONS     BOSTON                                                                                                                                                                        

SQL> --218--
SQL> SELECT *
  2  FROM EMP
  3  WHERE HIREDATE LIKE '1981' AND MGR IS NULL;

no rows selected

SQL> --219--
SQL> SELECT *
  2  FROM EMP
  3  WHERE SAL<1000 AND ENAME LIKE 'S%' AND ENAME LIKE '%H' AND DEPTNO=20;

     EMPNO ENAME      JOB              MGR HIREDATE         SAL       COMM     DEPTNO                                                                                                                   
---------- ---------- --------- ---------- --------- ---------- ---------- ----------                                                                                                                   
      7369 SMITH      CLERK           7902 17-DEC-80        800                    20                                                                                                                   

SQL> --220--
SQL> SELECT *
  2  FROM EMP
  3  WHERE HIREDATE >'17-DEC-80' AND SAL >2000 AND JOB='ANALYST' AND ENAME LIKE 'S%' AND ENAME LIKE '%T';

     EMPNO ENAME      JOB              MGR HIREDATE         SAL       COMM     DEPTNO                                                                                                                   
---------- ---------- --------- ---------- --------- ---------- ---------- ----------                                                                                                                   
      7788 SCOTT      ANALYST         7566 19-APR-87       3000                    20                                                                                                                   

SQL> --221--
SQL> SELECT *
  2  FROM EMP
  3  WHERE ENAME LIKE '%O%' AND JOB ='ANALYST' AND HIREDATE >'17-NOV-81';

     EMPNO ENAME      JOB              MGR HIREDATE         SAL       COMM     DEPTNO                                                                                                                   
---------- ---------- --------- ---------- --------- ---------- ---------- ----------                                                                                                                   
      7788 SCOTT      ANALYST         7566 19-APR-87       3000                    20                                                                                                                   
      7902 FORD       ANALYST         7566 03-DEC-81       3000                    20                                                                                                                   

SQL> --222--
SQL> SELECT *
  2  FROM EMP
  3  WHERE JOB IN ('ANALYST','SALESMAN', 'PRESIDENT','MANAGER') AND SAL>1000 AND COMM IS NOT NULL;

     EMPNO ENAME      JOB              MGR HIREDATE         SAL       COMM     DEPTNO                                                                                                                   
---------- ---------- --------- ---------- --------- ---------- ---------- ----------                                                                                                                   
      7499 ALLEN      SALESMAN        7698 20-FEB-81       1600        300         30                                                                                                                   
      7521 WARD       SALESMAN        7698 22-FEB-81       1250        500         30                                                                                                                   
      7654 MARTIN     SALESMAN        7698 28-SEP-81       1250       1400         30                                                                                                                   
      7844 TURNER     SALESMAN        7698 08-SEP-81       1500          0         30                                                                                                                   

SQL> --223--
SQL> SELECT *
  2  FROM EMP
  3  WHERE JOB NOT IN ('MANAGER','ANALYST') AND DEPTNO IN(20,30) AND SAL BETWEEN 1000 AND 3000 AND ENAME LIKE '%O%';

no rows selected

SQL> --224--
SQL> SELECT *
  2  FROM EMP
  3  WHERE JOB IN('SALESMAN','ANALYST') AND DEPTNO IN (20,30) AND SAL BETWEEN 1000 AND 2000;

     EMPNO ENAME      JOB              MGR HIREDATE         SAL       COMM     DEPTNO                                                                                                                   
---------- ---------- --------- ---------- --------- ---------- ---------- ----------                                                                                                                   
      7499 ALLEN      SALESMAN        7698 20-FEB-81       1600        300         30                                                                                                                   
      7521 WARD       SALESMAN        7698 22-FEB-81       1250        500         30                                                                                                                   
      7654 MARTIN     SALESMAN        7698 28-SEP-81       1250       1400         30                                                                                                                   
      7844 TURNER     SALESMAN        7698 08-SEP-81       1500          0         30                                                                                                                   

SQL> --225--
SQL> SELECT *
  2  FROM EMP
  3  WHERE SAL NOT BETWEEN 2000 AND 3000 AND DEPTNO =10 AND JOB NOT IN 'CLREK'
  4  ;

     EMPNO ENAME      JOB              MGR HIREDATE         SAL       COMM     DEPTNO                                                                                                                   
---------- ---------- --------- ---------- --------- ---------- ---------- ----------                                                                                                                   
      7839 KING       PRESIDENT            17-NOV-81       5000                    10                                                                                                                   
      7934 MILLER     CLERK           7782 23-JAN-82       1300                    10                                                                                                                   

SQL> --226--
SQL> SELECT JOB
  2  FROM EMP
  3  WHERE
  4  
SQL> SELECT SAL*3
  2  FROM EMP
  3  WHERE SAL LIKE '5';

no rows selected

SQL> ED
Wrote file afiedt.buf

  1  SELECT SAL*3
  2  FROM EMP
  3* WHERE SAL LIKE '5'AND JOB ='SALESMAN'
SQL> /

no rows selected

SQL> --228--
SQL> SELECT *
  2  FROM EMP
  3  WHERE ENAME LIKE 'W%' OR ENAME LIKE '%M';

     EMPNO ENAME      JOB              MGR HIREDATE         SAL       COMM     DEPTNO                                                                                                                   
---------- ---------- --------- ---------- --------- ---------- ---------- ----------                                                                                                                   
      7521 WARD       SALESMAN        7698 22-FEB-81       1250        500         30                                                                                                                   

SQL> --229--
SQL> SELECT EMPNO
  2  FROM EMP
  3  WHERE EMPNO LIKE '4' OR '7';
WHERE EMPNO LIKE '4' OR '7'
                          *
ERROR at line 3:
ORA-00920: invalid relational operator 


SQL> ED
Wrote file afiedt.buf

  1  SELECT EMPNO
  2  FROM EMP
  3* WHERE EMPNO LIKE '4' AND '7'
SQL> /
WHERE EMPNO LIKE '4' AND '7'
                           *
ERROR at line 3:
ORA-00920: invalid relational operator 


SQL> ED
Wrote file afiedt.buf

  1  SELECT EMPNO
  2  FROM EMP
  3* WHERE EMPNO LIKE '4' OR EMPNO '7'
SQL> /
WHERE EMPNO LIKE '4' OR EMPNO '7'
                              *
ERROR at line 3:
ORA-00920: invalid relational operator 


SQL> ED
Wrote file afiedt.buf

  1  SELECT EMPNO
  2  FROM EMP
  3* WHERE EMPNO LIKE '4' OR EMPNO LIKE '7'
SQL> /

no rows selected

SQL> --230--
SQL> SELECT *
  2  FROM EMP
  3  WHERE JOB ='MANAGER' AND ENAME LIKE 'BLAKE' OR ENAME LIKE 'KING';

     EMPNO ENAME      JOB              MGR HIREDATE         SAL       COMM     DEPTNO                                                                                                                   
---------- ---------- --------- ---------- --------- ---------- ---------- ----------                                                                                                                   
      7698 BLAKE      MANAGER         7839 01-MAY-81       2850                    30                                                                                                                   
      7839 KING       PRESIDENT            17-NOV-81       5000                    10                                                                                                                   

SQL> --231--
SQL> SELECT *
  2  FROM EMP
  3  WHERE HIREDATE <'01-JAN-81' AND SAL>2000;

no rows selected

SQL> ED
Wrote file afiedt.buf

  1  SELECT *
  2  FROM EMP
  3* WHERE HIREDATE <'01-JAN-82' AND SAL>2000
SQL> /

     EMPNO ENAME      JOB              MGR HIREDATE         SAL       COMM     DEPTNO                                                                                                                   
---------- ---------- --------- ---------- --------- ---------- ---------- ----------                                                                                                                   
      7566 JONES      MANAGER         7839 02-APR-81       2975                    20                                                                                                                   
      7698 BLAKE      MANAGER         7839 01-MAY-81       2850                    30                                                                                                                   
      7782 CLARK      MANAGER         7839 09-JUN-81       2450                    10                                                                                                                   
      7839 KING       PRESIDENT            17-NOV-81       5000                    10                                                                                                                   
      7902 FORD       ANALYST         7566 03-DEC-81       3000                    20                                                                                                                   

SQL> --232--
SQL> SELECT *
  2  FROM EMP
  3  WHERE ENAME LIKE 'A%' AND ENAME '%A%';
WHERE ENAME LIKE 'A%' AND ENAME '%A%'
                                *
ERROR at line 3:
ORA-00920: invalid relational operator 


SQL> ED
Wrote file afiedt.buf

  1  SELECT *
  2  FROM EMP
  3* WHERE ENAME LIKE 'A%' AND ENAME LIKE '%A%'
SQL> /

     EMPNO ENAME      JOB              MGR HIREDATE         SAL       COMM     DEPTNO                                                                                                                   
---------- ---------- --------- ---------- --------- ---------- ---------- ----------                                                                                                                   
      7499 ALLEN      SALESMAN        7698 20-FEB-81       1600        300         30                                                                                                                   
      7876 ADAMS      CLERK           7788 23-MAY-87       1100                    20                                                                                                                   

SQL> --233--
SQL> SELECT *
  2  FROM EMP
  3  WHERE JOB = 'MANAGER' AND SAL>1500;

     EMPNO ENAME      JOB              MGR HIREDATE         SAL       COMM     DEPTNO                                                                                                                   
---------- ---------- --------- ---------- --------- ---------- ---------- ----------                                                                                                                   
      7566 JONES      MANAGER         7839 02-APR-81       2975                    20                                                                                                                   
      7698 BLAKE      MANAGER         7839 01-MAY-81       2850                    30                                                                                                                   
      7782 CLARK      MANAGER         7839 09-JUN-81       2450                    10                                                                                                                   

SQL> --234--
SQL> SELECT *
  2  FROM EMP
  3  WHERE DEPTNO =30 AND SAL<1000;

     EMPNO ENAME      JOB              MGR HIREDATE         SAL       COMM     DEPTNO                                                                                                                   
---------- ---------- --------- ---------- --------- ---------- ---------- ----------                                                                                                                   
      7900 JAMES      CLERK           7698 03-DEC-81        950                    30                                                                                                                   

SQL> --235--
SQL> SELECT *
  2  FROM EMP
  3  WHERE COMM IS NOT NULL AND JOB NOT IN ('MANAGER','CLERK');

     EMPNO ENAME      JOB              MGR HIREDATE         SAL       COMM     DEPTNO                                                                                                                   
---------- ---------- --------- ---------- --------- ---------- ---------- ----------                                                                                                                   
      7499 ALLEN      SALESMAN        7698 20-FEB-81       1600        300         30                                                                                                                   
      7521 WARD       SALESMAN        7698 22-FEB-81       1250        500         30                                                                                                                   
      7654 MARTIN     SALESMAN        7698 28-SEP-81       1250       1400         30                                                                                                                   
      7844 TURNER     SALESMAN        7698 08-SEP-81       1500          0         30                                                                                                                   

SQL> --236--
SQL> SELECT *
  2  FROM EMP
  3  WHERE COMM IS NOT NULL AND JOB NOT IN ('MANAGER','CLERK');

     EMPNO ENAME      JOB              MGR HIREDATE         SAL       COMM     DEPTNO                                                                                                                   
---------- ---------- --------- ---------- --------- ---------- ---------- ----------                                                                                                                   
      7499 ALLEN      SALESMAN        7698 20-FEB-81       1600        300         30                                                                                                                   
      7521 WARD       SALESMAN        7698 22-FEB-81       1250        500         30                                                                                                                   
      7654 MARTIN     SALESMAN        7698 28-SEP-81       1250       1400         30                                                                                                                   
      7844 TURNER     SALESMAN        7698 08-SEP-81       1500          0         30                                                                                                                   

SQL> --237--
SQL> SELECT *
  2  FROM EMP
  3  WHERE HIREDATE LIKE 'DEC';

no rows selected

SQL> ED
Wrote file afiedt.buf

  1  SELECT *
  2  FROM EMP
  3* WHERE HIREDATE LIKE '12'
SQL> /

no rows selected

SQL> --238--
SQL> SELECT *
  2  FROM EMP
  3  WHERE ENAME LIKE '%L%L%';

     EMPNO ENAME      JOB              MGR HIREDATE         SAL       COMM     DEPTNO                                                                                                                   
---------- ---------- --------- ---------- --------- ---------- ---------- ----------                                                                                                                   
      7499 ALLEN      SALESMAN        7698 20-FEB-81       1600        300         30                                                                                                                   
      7934 MILLER     CLERK           7782 23-JAN-82       1300                    10                                                                                                                   

SQL> --239--
SQL> SELECT *
  2  FROM EMP
  3  WHERE SAL NOT BETWEEN 2000 AND 5000 AND DEPTNO IN(10,20);

     EMPNO ENAME      JOB              MGR HIREDATE         SAL       COMM     DEPTNO                                                                                                                   
---------- ---------- --------- ---------- --------- ---------- ---------- ----------                                                                                                                   
      7369 SMITH      CLERK           7902 17-DEC-80        800                    20                                                                                                                   
      7876 ADAMS      CLERK           7788 23-MAY-87       1100                    20                                                                                                                   
      7934 MILLER     CLERK           7782 23-JAN-82       1300                    10                                                                                                                   

SQL> --239--
SQL> SELECT *
  2  FROM EMP
  3  WHERE JOB NOT IN ('CLREK','SALESMAN') AND DEPTNO =10;

     EMPNO ENAME      JOB              MGR HIREDATE         SAL       COMM     DEPTNO                                                                                                                   
---------- ---------- --------- ---------- --------- ---------- ---------- ----------                                                                                                                   
      7782 CLARK      MANAGER         7839 09-JUN-81       2450                    10                                                                                                                   
      7839 KING       PRESIDENT            17-NOV-81       5000                    10                                                                                                                   
      7934 MILLER     CLERK           7782 23-JAN-82       1300                    10                                                                                                                   

SQL> SELECT DNAME
  2  FROM DEPT
  3  WHERE LOC DNAME LIKE '%O%' AND  DEPTNO IN (30,40);
WHERE LOC DNAME LIKE '%O%' AND  DEPTNO IN (30,40)
          *
ERROR at line 3:
ORA-00920: invalid relational operator 


SQL> ED
Wrote file afiedt.buf

  1  SELECT DNAME
  2  FROM DEPT
  3* WHERE DNAME LIKE '%O%' AND DNAME LIKE '%O%'  AND  DEPTNO IN (30,40)
SQL> /

DNAME                                                                                                                                                                                                   
--------------                                                                                                                                                                                          
OPERATIONS                                                                                                                                                                                              

SQL> --242--
SQL> SELECT *
  2  FROM EMP
  3  WHERE JOB NOT IN  'CLERK' AND SAL>1000;

     EMPNO ENAME      JOB              MGR HIREDATE         SAL       COMM     DEPTNO                                                                                                                   
---------- ---------- --------- ---------- --------- ---------- ---------- ----------                                                                                                                   
      7499 ALLEN      SALESMAN        7698 20-FEB-81       1600        300         30                                                                                                                   
      7521 WARD       SALESMAN        7698 22-FEB-81       1250        500         30                                                                                                                   
      7566 JONES      MANAGER         7839 02-APR-81       2975                    20                                                                                                                   
      7654 MARTIN     SALESMAN        7698 28-SEP-81       1250       1400         30                                                                                                                   
      7698 BLAKE      MANAGER         7839 01-MAY-81       2850                    30                                                                                                                   
      7782 CLARK      MANAGER         7839 09-JUN-81       2450                    10                                                                                                                   
      7788 SCOTT      ANALYST         7566 19-APR-87       3000                    20                                                                                                                   
      7839 KING       PRESIDENT            17-NOV-81       5000                    10                                                                                                                   
      7844 TURNER     SALESMAN        7698 08-SEP-81       1500          0         30                                                                                                                   
      7902 FORD       ANALYST         7566 03-DEC-81       3000                    20                                                                                                                   

10 rows selected.

SQL> ED
Wrote file afiedt.buf

  1  SELECT SAL*12
  2  FROM EMP
  3* WHERE JOB NOT IN  'CLERK' AND SAL>1000
SQL> /

    SAL*12                                                                                                                                                                                              
----------                                                                                                                                                                                              
     19200                                                                                                                                                                                              
     15000                                                                                                                                                                                              
     35700                                                                                                                                                                                              
     15000                                                                                                                                                                                              
     34200                                                                                                                                                                                              
     29400                                                                                                                                                                                              
     36000                                                                                                                                                                                              
     60000                                                                                                                                                                                              
     18000                                                                                                                                                                                              
     36000                                                                                                                                                                                              

10 rows selected.

SQL> --243--
SQL> SELECT ENAME
  2  FROM EMP
  3  WHERE ENAME LIKE '%L%L%';

ENAME                                                                                                                                                                                                   
----------                                                                                                                                                                                              
ALLEN                                                                                                                                                                                                   
MILLER                                                                                                                                                                                                  

SQL> --244--
SQL> SELECT *
  2  FROM EMP
  3  WHERE EMPNO LIKE '9';

no rows selected

SQL> --245--
SQL> SELECT *
  2  FROM EMP
  3  
SQL> SELECT *
  2  FROM EMP
  3  WHERE HIREDATE NOT LIKE 'APR' AND HIREDATE NOT LIKE 'NOV' AND SAL>2500;

     EMPNO ENAME      JOB              MGR HIREDATE         SAL       COMM     DEPTNO                                                                                                                   
---------- ---------- --------- ---------- --------- ---------- ---------- ----------                                                                                                                   
      7566 JONES      MANAGER         7839 02-APR-81       2975                    20                                                                                                                   
      7698 BLAKE      MANAGER         7839 01-MAY-81       2850                    30                                                                                                                   
      7788 SCOTT      ANALYST         7566 19-APR-87       3000                    20                                                                                                                   
      7839 KING       PRESIDENT            17-NOV-81       5000                    10                                                                                                                   
      7902 FORD       ANALYST         7566 03-DEC-81       3000                    20                                                                                                                   

SQL> --246--
SQL> SELECT *
  2  FROM EMP
  3  
SQL> SELECT SAL*12
  2  FROM EMP
  3  WHERE SAL>=10000;

no rows selected

SQL> --247--
SQL> SELECT *
  2  
SQL> 
SQL> SELECT ENAME
  2  FROM EMP
  3  WHERE ENAME LIKE '%T%T%';

ENAME                                                                                                                                                                                                   
----------                                                                                                                                                                                              
SCOTT                                                                                                                                                                                                   

SQL> --248--
SQL> SELECT ENAME ,JOB,DEPTNO
  2  FROM EMP
  3  WHERE MGR IS NOT NULL;

ENAME      JOB           DEPTNO                                                                                                                                                                         
---------- --------- ----------                                                                                                                                                                         
SMITH      CLERK             20                                                                                                                                                                         
ALLEN      SALESMAN          30                                                                                                                                                                         
WARD       SALESMAN          30                                                                                                                                                                         
JONES      MANAGER           20                                                                                                                                                                         
MARTIN     SALESMAN          30                                                                                                                                                                         
BLAKE      MANAGER           30                                                                                                                                                                         
CLARK      MANAGER           10                                                                                                                                                                         
SCOTT      ANALYST           20                                                                                                                                                                         
TURNER     SALESMAN          30                                                                                                                                                                         
ADAMS      CLERK             20                                                                                                                                                                         
JAMES      CLERK             30                                                                                                                                                                         
FORD       ANALYST           20                                                                                                                                                                         
MILLER     CLERK             10                                                                                                                                                                         

13 rows selected.

SQL> --249--
SQL> SELECT *
  2  FROM EMP
  3  WHERE SAL <1000 AND DEPTNO IN (10,30);

     EMPNO ENAME      JOB              MGR HIREDATE         SAL       COMM     DEPTNO                                                                                                                   
---------- ---------- --------- ---------- --------- ---------- ---------- ----------                                                                                                                   
      7900 JAMES      CLERK           7698 03-DEC-81        950                    30                                                                                                                   

SQL> --250--
SQL> SELECT *
  2  FROM EMP
  3  WHERE SAL NOT BETWEEN 1000 AND 2000 AND DEPTNO IN(10,20) AND JOB NOT IN 'MANAGER';

     EMPNO ENAME      JOB              MGR HIREDATE         SAL       COMM     DEPTNO                                                                                                                   
---------- ---------- --------- ---------- --------- ---------- ---------- ----------                                                                                                                   
      7369 SMITH      CLERK           7902 17-DEC-80        800                    20                                                                                                                   
      7788 SCOTT      ANALYST         7566 19-APR-87       3000                    20                                                                                                                   
      7839 KING       PRESIDENT            17-NOV-81       5000                    10                                                                                                                   
      7902 FORD       ANALYST         7566 03-DEC-81       3000                    20                                                                                                                   

SQL> --251--
SQL> SELECT *
  2  FROM EMP
  3  WHERE SAL BETWEEN 1000 AND 1500 AND DEPTNO IN(20,30) AND JOB NOT IN ('CLERK','SALESMAN');

no rows selected

SQL> --252--
SQL> SELECT DNAME
  2  FROM DEPT
  3  WHERE LOC LIKE '%A%'  AND DNAME LIKE
  4  '%A%';

DNAME                                                                                                                                                                                                   
--------------                                                                                                                                                                                          
RESEARCH                                                                                                                                                                                                
SALES                                                                                                                                                                                                   

SQL> --253--
SQL> SELECT *
  2  FROM EMP
  3  WHERE JOB ='MANAGER' AND ENAME LIKE '%S';

     EMPNO ENAME      JOB              MGR HIREDATE         SAL       COMM     DEPTNO                                                                                                                   
---------- ---------- --------- ---------- --------- ---------- ---------- ----------                                                                                                                   
      7566 JONES      MANAGER         7839 02-APR-81       2975                    20                                                                                                                   

SQL> --254--
SQL> SELECT *
  2  FROM EMP
  3  WHERE HIREDATE >'02-FEB-80' AND JOB = 'SALESMAN';

     EMPNO ENAME      JOB              MGR HIREDATE         SAL       COMM     DEPTNO                                                                                                                   
---------- ---------- --------- ---------- --------- ---------- ---------- ----------                                                                                                                   
      7499 ALLEN      SALESMAN        7698 20-FEB-81       1600        300         30                                                                                                                   
      7521 WARD       SALESMAN        7698 22-FEB-81       1250        500         30                                                                                                                   
      7654 MARTIN     SALESMAN        7698 28-SEP-81       1250       1400         30                                                                                                                   
      7844 TURNER     SALESMAN        7698 08-SEP-81       1500          0         30                                                                                                                   

SQL> --255--
SQL> SELECT *
  2  FROM STUDENT;
FROM STUDENT
     *
ERROR at line 2:
ORA-00942: table or view does not exist 


SQL> --259--
SQL> SELECT *
  2  FROM EMP
  3  WHERE DEPTNO NOT IN (10,20,30);

no rows selected

SQL> --260--
SQL> SELECT SAL*12
  2  FROM EMP
  3  WHERE SAL LIKE '1';

no rows selected

SQL> ED
Wrote file afiedt.buf

  1  SELECT SAL*12
  2  FROM EMP
  3* WHERE SAL LIKE '%1'
SQL> /

no rows selected

SQL> --260--
SQL> SELECT JOB
  2  FROM EMP
  3  WHERE JOB = 'SALESMAN' AND SAL NOT BETWEEN 500 AND 1000 AND DEPTNO =20;

no rows selected

SQL> --261--
SQL> --262--
SQL> SELECT *
  2  FROM EMP
  3  WHERE COMM IS NOT NULL AND JOB IN ('MANAGER','CLERK');

no rows selected

SQL> --262--
SQL> --263--
SQL> SELECT 8
  2  FROM EMP
  3  WHERE
  4  
SQL> SELECT JOB
  2  FROM EMP
  3  WHERE JOB ='SALESMAN' AND DEPTNO =10 AND SAL>2500;

no rows selected

SQL> --264--
SQL> SELECT *
  2  FROM EMP
  3  WHERE ENAME LIKE 'K%' OR ENAME LIKE 'p%';

     EMPNO ENAME      JOB              MGR HIREDATE         SAL       COMM     DEPTNO                                                                                                                   
---------- ---------- --------- ---------- --------- ---------- ---------- ----------                                                                                                                   
      7839 KING       PRESIDENT            17-NOV-81       5000                    10                                                                                                                   

SQL> --265--
SQL> SELECT *
  2  FROM EMP
  3  WHERE ENAME LIKE 'R';

no rows selected

SQL> SELECT *
  2  FROM EMP
  3  WHERE ENAME LIKE 'M%' OR ENAME LIKE 'K%';

     EMPNO ENAME      JOB              MGR HIREDATE         SAL       COMM     DEPTNO                                                                                                                   
---------- ---------- --------- ---------- --------- ---------- ---------- ----------                                                                                                                   
      7654 MARTIN     SALESMAN        7698 28-SEP-81       1250       1400         30                                                                                                                   
      7839 KING       PRESIDENT            17-NOV-81       5000                    10                                                                                                                   
      7934 MILLER     CLERK           7782 23-JAN-82       1300                    10                                                                                                                   

SQL> --267--
SQL> SELECT *
  2  FROM EMP
  3  WHERE JOB ='SALESMAN' AND ENAME LIKE '%R%' AND SAL LIKE '____';

     EMPNO ENAME      JOB              MGR HIREDATE         SAL       COMM     DEPTNO                                                                                                                   
---------- ---------- --------- ---------- --------- ---------- ---------- ----------                                                                                                                   
      7521 WARD       SALESMAN        7698 22-FEB-81       1250        500         30                                                                                                                   
      7654 MARTIN     SALESMAN        7698 28-SEP-81       1250       1400         30                                                                                                                   
      7844 TURNER     SALESMAN        7698 08-SEP-81       1500          0         30                                                                                                                   

SQL> --268--
SQL> SELECT *
  2  FROM EMP
  3  WHERE JOB LIKE 'LES';

no rows selected

SQL> --268--
SQL> SELECT *
  2  FROM EMP
  3  WHERE
  4  
SQL> --269--
SQL> SELECT JOB
  2  FROM EMP
  3  WHERE JOB ='CLERK' AND ENAME LIKE '____L%' AND SAL<2000;

no rows selected

SQL> ED
Wrote file afiedt.buf

  1  SELECT JOB
  2  FROM EMP
  3* WHERE JOB ='CLERK' AND ENAME LIKE '____L' AND SAL<2000
SQL> /

no rows selected

SQL> --270--
SQL> SELECT *
  2  FROM EMP
  3  WHERE ENAME NOT LIKE '%S%';

     EMPNO ENAME      JOB              MGR HIREDATE         SAL       COMM     DEPTNO                                                                                                                   
---------- ---------- --------- ---------- --------- ---------- ---------- ----------                                                                                                                   
      7499 ALLEN      SALESMAN        7698 20-FEB-81       1600        300         30                                                                                                                   
      7521 WARD       SALESMAN        7698 22-FEB-81       1250        500         30                                                                                                                   
      7654 MARTIN     SALESMAN        7698 28-SEP-81       1250       1400         30                                                                                                                   
      7698 BLAKE      MANAGER         7839 01-MAY-81       2850                    30                                                                                                                   
      7782 CLARK      MANAGER         7839 09-JUN-81       2450                    10                                                                                                                   
      7839 KING       PRESIDENT            17-NOV-81       5000                    10                                                                                                                   
      7844 TURNER     SALESMAN        7698 08-SEP-81       1500          0         30                                                                                                                   
      7902 FORD       ANALYST         7566 03-DEC-81       3000                    20                                                                                                                   
      7934 MILLER     CLERK           7782 23-JAN-82       1300                    10                                                                                                                   

9 rows selected.

SQL> --271--
SQL> SELECT *
  2  FROM EMP
  3  WHERE SAL NOT BETWEEN 1000 AND 2000 AND DEPTNO IN (20,30) AND JON NOT IN ('CLERK','ANALYST');
WHERE SAL NOT BETWEEN 1000 AND 2000 AND DEPTNO IN (20,30) AND JON NOT IN ('CLERK','ANALYST')
                                                              *
ERROR at line 3:
ORA-00904: "JON": invalid identifier 


SQL> ED
Wrote file afiedt.buf

  1  SELECT *
  2  FROM EMP
  3* WHERE SAL NOT BETWEEN 1000 AND 2000 AND DEPTNO IN (20,30) AND JOB NOT IN ('CLERK','ANALYST')
SQL> /

     EMPNO ENAME      JOB              MGR HIREDATE         SAL       COMM     DEPTNO                                                                                                                   
---------- ---------- --------- ---------- --------- ---------- ---------- ----------                                                                                                                   
      7566 JONES      MANAGER         7839 02-APR-81       2975                    20                                                                                                                   
      7698 BLAKE      MANAGER         7839 01-MAY-81       2850                    30                                                                                                                   

SQL> --271--
SQL> SELECT *
  2  FROM EMP
  3  WHERE ENAME LIKE 'S%' AND ENAME LIKE '%H';

     EMPNO ENAME      JOB              MGR HIREDATE         SAL       COMM     DEPTNO                                                                                                                   
---------- ---------- --------- ---------- --------- ---------- ---------- ----------                                                                                                                   
      7369 SMITH      CLERK           7902 17-DEC-80        800                    20                                                                                                                   

SQL> --273--
SQL> SELECT ENAME
  2  FROM EMP
  3  WHERE SAL>1500 AND SAL<2500;

ENAME                                                                                                                                                                                                   
----------                                                                                                                                                                                              
ALLEN                                                                                                                                                                                                   
CLARK                                                                                                                                                                                                   

SQL> --274--
SQL> SELECT JOB
  2  FROM EMP
  3  WHERE JOB='SALESMAN' AND ENAME '__M' AND SAL BETWEEN 500 AND 1500;
WHERE JOB='SALESMAN' AND ENAME '__M' AND SAL BETWEEN 500 AND 1500
                               *
ERROR at line 3:
ORA-00920: invalid relational operator 


SQL> ED
Wrote file afiedt.buf

  1  SELECT JOB
  2  FROM EMP
  3* WHERE JOB='SALESMAN' AND ENAME LIKE '__M' AND SAL BETWEEN 500 AND 1500
SQL> /

no rows selected

SQL> --274--
SQL> --275--
SQL> SELECT ENAME ,JOB,SAL
  2  FROM EMP
  3  WHERE ENAME LIKE 'S%' AND SAL >2000 AND COMM IS NULL AND DEPTNO IN (10,20);

ENAME      JOB              SAL                                                                                                                                                                         
---------- --------- ----------                                                                                                                                                                         
SCOTT      ANALYST         3000                                                                                                                                                                         

SQL> --276--
SQL> SELECT JOB IN ('MANAGER','CLERK') AND HIREDATE LIKE '81' AND SAL >2000 AND COMM IS NULL;
SELECT JOB IN ('MANAGER','CLERK') AND HIREDATE LIKE '81' AND SAL >2000 AND COMM IS NULL
           *
ERROR at line 1:
ORA-00923: FROM keyword not found where expected 


SQL>    ed
Wrote file afiedt.buf

  1  SELECT *
  2  FROM EMP
  3* JOB IN ('MANAGER','CLERK') AND HIREDATE LIKE '81' AND SAL >2000 AND COMM IS NULL
SQL> /ED
SP2-0042: unknown command "/ED" - rest of line ignored.
SQL> ED
Wrote file afiedt.buf

  1  SELECT *
  2  FROM EMP
  3*  WHERE JOB IN ('MANAGER','CLERK') AND HIREDATE LIKE '81' AND SAL >2000 AND COMM IS NULL
SQL> /

no rows selected

SQL> --277--
SQL> SELECT *
  2  FROM EMP
  3  WHERE EMPNO NOT LIKE '%2' AND ENAME LIKE 'K%' AND HIREDATE <'01-JAN-80' AND SAL>800 AND SAL LIKE '%0%';

no rows selected

SQL> --297--
SQL> SELECT JOB
  2  FROM EMP
  3  WHERE JOB = 'ANALYST' AND ENAME NOT LIKE 'S%';

JOB                                                                                                                                                                                                     
---------                                                                                                                                                                                               
ANALYST                                                                                                                                                                                                 

SQL> --298--
SQL> SELECT *
  2  FROM EMP
  3  WHERE (SAL+COMM)>2000;

     EMPNO ENAME      JOB              MGR HIREDATE         SAL       COMM     DEPTNO                                                                                                                   
---------- ---------- --------- ---------- --------- ---------- ---------- ----------                                                                                                                   
      7654 MARTIN     SALESMAN        7698 28-SEP-81       1250       1400         30                                                                                                                   

SQL> SELECT *
  2  FROM EMP
  3  WHERE SAL>2000;

     EMPNO ENAME      JOB              MGR HIREDATE         SAL       COMM     DEPTNO                                                                                                                   
---------- ---------- --------- ---------- --------- ---------- ---------- ----------                                                                                                                   
      7566 JONES      MANAGER         7839 02-APR-81       2975                    20                                                                                                                   
      7698 BLAKE      MANAGER         7839 01-MAY-81       2850                    30                                                                                                                   
      7782 CLARK      MANAGER         7839 09-JUN-81       2450                    10                                                                                                                   
      7788 SCOTT      ANALYST         7566 19-APR-87       3000                    20                                                                                                                   
      7839 KING       PRESIDENT            17-NOV-81       5000                    10                                                                                                                   
      7902 FORD       ANALYST         7566 03-DEC-81       3000                    20                                                                                                                   

6 rows selected.

SQL> --302--
SQL> SELECT *
  2  FROM EMP
  3  WHERE DEPTNO BETWEEN 10 AND 20 AND SAL BETWEEN 1000 AND 4000;

     EMPNO ENAME      JOB              MGR HIREDATE         SAL       COMM     DEPTNO                                                                                                                   
---------- ---------- --------- ---------- --------- ---------- ---------- ----------                                                                                                                   
      7566 JONES      MANAGER         7839 02-APR-81       2975                    20                                                                                                                   
      7782 CLARK      MANAGER         7839 09-JUN-81       2450                    10                                                                                                                   
      7788 SCOTT      ANALYST         7566 19-APR-87       3000                    20                                                                                                                   
      7876 ADAMS      CLERK           7788 23-MAY-87       1100                    20                                                                                                                   
      7902 FORD       ANALYST         7566 03-DEC-81       3000                    20                                                                                                                   
      7934 MILLER     CLERK           7782 23-JAN-82       1300                    10                                                                                                                   

6 rows selected.

SQL> --303--
SQL> SELECT *
  2  FROM EMP
  3  WHERE SAL LIKE '____' AND SAL LIKE '2%' AND SAL LIKE '%2';

no rows selected

SQL> --304--
SQL> SELECT *
  2  FROM EMP
  3  WHERE SAL LIKE '2%0';

     EMPNO ENAME      JOB              MGR HIREDATE         SAL       COMM     DEPTNO                                                                                                                   
---------- ---------- --------- ---------- --------- ---------- ---------- ----------                                                                                                                   
      7698 BLAKE      MANAGER         7839 01-MAY-81       2850                    30                                                                                                                   
      7782 CLARK      MANAGER         7839 09-JUN-81       2450                    10                                                                                                                   

SQL> --305--
SQL> SELECT *
  2  FROM EMP
  3  WHERE SAL>3000 AND DEPTNO =20;

no rows selected

SQL> --306--
SQL> SELECT *
  2  FROM EMP
  3  WHERE JOB LIKE '%T';

     EMPNO ENAME      JOB              MGR HIREDATE         SAL       COMM     DEPTNO                                                                                                                   
---------- ---------- --------- ---------- --------- ---------- ---------- ----------                                                                                                                   
      7788 SCOTT      ANALYST         7566 19-APR-87       3000                    20                                                                                                                   
      7839 KING       PRESIDENT            17-NOV-81       5000                    10                                                                                                                   
      7902 FORD       ANALYST         7566 03-DEC-81       3000                    20                                                                                                                   

SQL> --307--
SQL> SELECT *
  2  FROM EMP
  3  WHERE JOB IN ('MANAGER','CLERK');

     EMPNO ENAME      JOB              MGR HIREDATE         SAL       COMM     DEPTNO                                                                                                                   
---------- ---------- --------- ---------- --------- ---------- ---------- ----------                                                                                                                   
      7369 SMITH      CLERK           7902 17-DEC-80        800                    20                                                                                                                   
      7566 JONES      MANAGER         7839 02-APR-81       2975                    20                                                                                                                   
      7698 BLAKE      MANAGER         7839 01-MAY-81       2850                    30                                                                                                                   
      7782 CLARK      MANAGER         7839 09-JUN-81       2450                    10                                                                                                                   
      7876 ADAMS      CLERK           7788 23-MAY-87       1100                    20                                                                                                                   
      7900 JAMES      CLERK           7698 03-DEC-81        950                    30                                                                                                                   
      7934 MILLER     CLERK           7782 23-JAN-82       1300                    10                                                                                                                   

7 rows selected.

SQL> --308--
SQL> SELECT *
  2  FROM EMP
  3  WHERE SAL BETWEEN 2500 AND 5000 AND DEPTNO IN (10,20);

     EMPNO ENAME      JOB              MGR HIREDATE         SAL       COMM     DEPTNO                                                                                                                   
---------- ---------- --------- ---------- --------- ---------- ---------- ----------                                                                                                                   
      7566 JONES      MANAGER         7839 02-APR-81       2975                    20                                                                                                                   
      7788 SCOTT      ANALYST         7566 19-APR-87       3000                    20                                                                                                                   
      7839 KING       PRESIDENT            17-NOV-81       5000                    10                                                                                                                   
      7902 FORD       ANALYST         7566 03-DEC-81       3000                    20                                                                                                                   

SQL> --309--
SQL> SELECT JOB
  2  FROM EMP
  3  WHERE JOB NOT IN ('PRESIDENT','CLERK');

JOB                                                                                                                                                                                                     
---------                                                                                                                                                                                               
SALESMAN                                                                                                                                                                                                
SALESMAN                                                                                                                                                                                                
MANAGER                                                                                                                                                                                                 
SALESMAN                                                                                                                                                                                                
MANAGER                                                                                                                                                                                                 
MANAGER                                                                                                                                                                                                 
ANALYST                                                                                                                                                                                                 
SALESMAN                                                                                                                                                                                                
ANALYST                                                                                                                                                                                                 

9 rows selected.

SQL> --THE END--
SQL> SPOOL OFF
