SQL> 
SQL> <--1-->
SP2-0042: unknown command "<--1-->" - rest of line ignored.
SQL> --1--
SQL> SELECT ENAME,LOC
  2  FROM EMP,DEPT
  3  WHERE DEPT.DEPTNO = EMP.DEPTNO;

ENAME      LOC                                                                  
---------- -------------                                                        
SMITH      DALLAS                                                               
ALLEN      CHICAGO                                                              
WARD       CHICAGO                                                              
JONES      DALLAS                                                               
MARTIN     CHICAGO                                                              
BLAKE      CHICAGO                                                              
CLARK      NEW YORK                                                             
SCOTT      DALLAS                                                               
KING       NEW YORK                                                             
TURNER     CHICAGO                                                              
ADAMS      DALLAS                                                               

ENAME      LOC                                                                  
---------- -------------                                                        
JAMES      CHICAGO                                                              
FORD       DALLAS                                                               
MILLER     NEW YORK                                                             

14 rows selected.

SQL> ---2---
SQL> SELECT DNAME,SAL
  2  FROM EMP,DEPT
  3  WHERE DEPT.DNAME ='ACCOUNTING';

DNAME                 SAL                                                       
-------------- ----------                                                       
ACCOUNTING            800                                                       
ACCOUNTING           1600                                                       
ACCOUNTING           1250                                                       
ACCOUNTING           2975                                                       
ACCOUNTING           1250                                                       
ACCOUNTING           2850                                                       
ACCOUNTING           2450                                                       
ACCOUNTING           3000                                                       
ACCOUNTING           5000                                                       
ACCOUNTING           1500                                                       
ACCOUNTING           1100                                                       

DNAME                 SAL                                                       
-------------- ----------                                                       
ACCOUNTING            950                                                       
ACCOUNTING           3000                                                       
ACCOUNTING           1300                                                       

14 rows selected.

SQL> --3--
SQL> SELECT DNAME,SAL*12
  2  FROM EMP,DEPT
  3  WHERE EMP.SAL>2340;

DNAME              SAL*12                                                       
-------------- ----------                                                       
ACCOUNTING          35700                                                       
ACCOUNTING          34200                                                       
ACCOUNTING          29400                                                       
ACCOUNTING          36000                                                       
ACCOUNTING          60000                                                       
ACCOUNTING          36000                                                       
RESEARCH            35700                                                       
RESEARCH            34200                                                       
RESEARCH            29400                                                       
RESEARCH            36000                                                       
RESEARCH            60000                                                       

DNAME              SAL*12                                                       
-------------- ----------                                                       
RESEARCH            36000                                                       
SALES               35700                                                       
SALES               34200                                                       
SALES               29400                                                       
SALES               36000                                                       
SALES               60000                                                       
SALES               36000                                                       
OPERATIONS          35700                                                       
OPERATIONS          34200                                                       
OPERATIONS          29400                                                       
OPERATIONS          36000                                                       

DNAME              SAL*12                                                       
-------------- ----------                                                       
OPERATIONS          60000                                                       
OPERATIONS          36000                                                       

24 rows selected.

SQL> SELECT ENAME,DNAME
  2  FROM EMP,DEPT
  3  WHERE DEPT.DNAME LIKE '%A%';

ENAME      DNAME                                                                
---------- --------------                                                       
SMITH      ACCOUNTING                                                           
ALLEN      ACCOUNTING                                                           
WARD       ACCOUNTING                                                           
JONES      ACCOUNTING                                                           
MARTIN     ACCOUNTING                                                           
BLAKE      ACCOUNTING                                                           
CLARK      ACCOUNTING                                                           
SCOTT      ACCOUNTING                                                           
KING       ACCOUNTING                                                           
TURNER     ACCOUNTING                                                           
ADAMS      ACCOUNTING                                                           

ENAME      DNAME                                                                
---------- --------------                                                       
JAMES      ACCOUNTING                                                           
FORD       ACCOUNTING                                                           
MILLER     ACCOUNTING                                                           
SMITH      RESEARCH                                                             
ALLEN      RESEARCH                                                             
WARD       RESEARCH                                                             
JONES      RESEARCH                                                             
MARTIN     RESEARCH                                                             
BLAKE      RESEARCH                                                             
CLARK      RESEARCH                                                             
SCOTT      RESEARCH                                                             

ENAME      DNAME                                                                
---------- --------------                                                       
KING       RESEARCH                                                             
TURNER     RESEARCH                                                             
ADAMS      RESEARCH                                                             
JAMES      RESEARCH                                                             
FORD       RESEARCH                                                             
MILLER     RESEARCH                                                             
SMITH      SALES                                                                
ALLEN      SALES                                                                
WARD       SALES                                                                
JONES      SALES                                                                
MARTIN     SALES                                                                

ENAME      DNAME                                                                
---------- --------------                                                       
BLAKE      SALES                                                                
CLARK      SALES                                                                
SCOTT      SALES                                                                
KING       SALES                                                                
TURNER     SALES                                                                
ADAMS      SALES                                                                
JAMES      SALES                                                                
FORD       SALES                                                                
MILLER     SALES                                                                
SMITH      OPERATIONS                                                           
ALLEN      OPERATIONS                                                           

ENAME      DNAME                                                                
---------- --------------                                                       
WARD       OPERATIONS                                                           
JONES      OPERATIONS                                                           
MARTIN     OPERATIONS                                                           
BLAKE      OPERATIONS                                                           
CLARK      OPERATIONS                                                           
SCOTT      OPERATIONS                                                           
KING       OPERATIONS                                                           
TURNER     OPERATIONS                                                           
ADAMS      OPERATIONS                                                           
JAMES      OPERATIONS                                                           
FORD       OPERATIONS                                                           

ENAME      DNAME                                                                
---------- --------------                                                       
MILLER     OPERATIONS                                                           

56 rows selected.

SQL> --5--
SQL> SELECT ENAME,DNAME
  2  FROM EMP,DEPT
  3  WHERE EMP.JOB ='SALESMAN';

ENAME      DNAME                                                                
---------- --------------                                                       
ALLEN      ACCOUNTING                                                           
ALLEN      RESEARCH                                                             
ALLEN      SALES                                                                
ALLEN      OPERATIONS                                                           
WARD       ACCOUNTING                                                           
WARD       RESEARCH                                                             
WARD       SALES                                                                
WARD       OPERATIONS                                                           
MARTIN     ACCOUNTING                                                           
MARTIN     RESEARCH                                                             
MARTIN     SALES                                                                

ENAME      DNAME                                                                
---------- --------------                                                       
MARTIN     OPERATIONS                                                           
TURNER     ACCOUNTING                                                           
TURNER     RESEARCH                                                             
TURNER     SALES                                                                
TURNER     OPERATIONS                                                           

16 rows selected.

SQL> SELECT DNAME,JOB
  2  FROM EMP,DEPT
  3  WHERE EMP.JOB LIKE 'S%' AND DEPT.DNAME LIKE 'S%';

DNAME          JOB                                                              
-------------- ---------                                                        
SALES          SALESMAN                                                         
SALES          SALESMAN                                                         
SALES          SALESMAN                                                         
SALES          SALESMAN                                                         

SQL> --7--
SQL> SELECT DNAME,MGR
  2  FROM EMP,DEPT
  3  WHERE EMP.MGR =7839;

DNAME                 MGR                                                       
-------------- ----------                                                       
ACCOUNTING           7839                                                       
RESEARCH             7839                                                       
SALES                7839                                                       
OPERATIONS           7839                                                       
ACCOUNTING           7839                                                       
RESEARCH             7839                                                       
SALES                7839                                                       
OPERATIONS           7839                                                       
ACCOUNTING           7839                                                       
RESEARCH             7839                                                       
SALES                7839                                                       

DNAME                 MGR                                                       
-------------- ----------                                                       
OPERATIONS           7839                                                       

12 rows selected.

SQL> SELECT DNAME,HIREDATE
  2  FROM EMP,DEPT
  3  WHERE EMP.HIREDATE >'31-DEC-83' AND DEPT.DNAME ='ACCOUNTING' AND DEPT.DNAME ='RESEARCH';

no rows selected

SQL> ED
Wrote file afiedt.buf

  1  SELECT DNAME,HIREDATE
  2  FROM EMP,DEPT
  3* WHERE EMP.HIREDATE >'31-DEC-83' AND DEPT.DNAME ='ACCOUNTING' OR DEPT.DNAME ='RESEARCH'
SQL> /

DNAME          HIREDATE                                                         
-------------- ---------                                                        
ACCOUNTING     19-APR-87                                                        
ACCOUNTING     23-MAY-87                                                        
RESEARCH       17-DEC-80                                                        
RESEARCH       20-FEB-81                                                        
RESEARCH       22-FEB-81                                                        
RESEARCH       02-APR-81                                                        
RESEARCH       28-SEP-81                                                        
RESEARCH       01-MAY-81                                                        
RESEARCH       09-JUN-81                                                        
RESEARCH       19-APR-87                                                        
RESEARCH       17-NOV-81                                                        

DNAME          HIREDATE                                                         
-------------- ---------                                                        
RESEARCH       08-SEP-81                                                        
RESEARCH       23-MAY-87                                                        
RESEARCH       03-DEC-81                                                        
RESEARCH       03-DEC-81                                                        
RESEARCH       23-JAN-82                                                        

16 rows selected.

SQL> SELECT ENAME,DNAME
  2  FROM EMP,DEPT
  3  WHERE EMP.COMM IS NOT NULL AND DEPT.DEPTNO IN(10,30);

ENAME      DNAME                                                                
---------- --------------                                                       
ALLEN      ACCOUNTING                                                           
ALLEN      SALES                                                                
WARD       ACCOUNTING                                                           
WARD       SALES                                                                
MARTIN     ACCOUNTING                                                           
MARTIN     SALES                                                                
TURNER     ACCOUNTING                                                           
TURNER     SALES                                                                

8 rows selected.

SQL> SELECT DNAME,EMPNO
  2  FROM EMP,DEPT
  3  WHERE EMP.EMPNO(7839,7902) AND DEPT.LOC ='NEW YORK';
WHERE EMP.EMPNO(7839,7902) AND DEPT.LOC ='NEW YORK'
                           *
ERROR at line 3:
ORA-00920: invalid relational operator 


SQL> ED
Wrote file afiedt.buf

  1  SELECT DNAME,EMPNO
  2  FROM EMP,DEPT
  3* WHERE EMP.EMPNO IN (7839,7902) AND DEPT.LOC ='NEW YORK'
SQL> /

DNAME               EMPNO                                                       
-------------- ----------                                                       
ACCOUNTING           7839                                                       
ACCOUNTING           7902                                                       

SQL> SPOOL OFF
