SQL> --80--
SQL> SELECT *
  2  FROM EMP
  3  WHERE ENAME LIKE '___%A';

no rows selected

SQL> --81--
SQL> SELECT *
  2  FROM EMP
  3  WHERE JOB ='MANAGER' AND SAL<3000;

     EMPNO ENAME      JOB              MGR HIREDATE         SAL       COMM      
---------- ---------- --------- ---------- --------- ---------- ----------      
    DEPTNO                                                                      
----------                                                                      
      7566 JONES      MANAGER         7839 02-APR-81       2975                 
        20                                                                      
                                                                                
      7698 BLAKE      MANAGER         7839 01-MAY-81       2850                 
        30                                                                      
                                                                                
      7782 CLARK      MANAGER         7839 09-JUN-81       2450                 
        10                                                                      
                                                                                

SQL> SET PAGES 200 LINE 200
SQL> /

     EMPNO ENAME      JOB              MGR HIREDATE         SAL       COMM     DEPTNO                                                                                                                   
---------- ---------- --------- ---------- --------- ---------- ---------- ----------                                                                                                                   
      7566 JONES      MANAGER         7839 02-APR-81       2975                    20                                                                                                                   
      7698 BLAKE      MANAGER         7839 01-MAY-81       2850                    30                                                                                                                   
      7782 CLARK      MANAGER         7839 09-JUN-81       2450                    10                                                                                                                   

SQL> SELECT *
  2  FROM DEPT
  3  WHERE DNAME LIKE '___%N';

no rows selected

SQL> --83--
SQL> SELECT *
  2  FROM EMP
  3  WHERE JOB ='CLREK' AND SAL<1500 AND DEPTNO IN(10,20,30);

no rows selected

SQL> --84--
SQL> SELECT *
  2  FROM EMP
  3  WHERE JOB LIKE '%T%' AND ENAME LIKE '%T%';

     EMPNO ENAME      JOB              MGR HIREDATE         SAL       COMM     DEPTNO                                                                                                                   
---------- ---------- --------- ---------- --------- ---------- ---------- ----------                                                                                                                   
      7788 SCOTT      ANALYST         7566 19-APR-87       3000                    20                                                                                                                   

SQL> --85--
SQL> SELECT FROM EMP
  2  
SQL> SELECT *
  2  FROM EMP
  3  WHERE CONN IS NULL;
WHERE CONN IS NULL
      *
ERROR at line 3:
ORA-00904: "CONN": invalid identifier 


SQL> ED
Wrote file afiedt.buf

  1  SELECT *
  2  FROM EMP
  3* WHERE COMM IS NULL
SQL> /

     EMPNO ENAME      JOB              MGR HIREDATE         SAL       COMM     DEPTNO                                                                                                                   
---------- ---------- --------- ---------- --------- ---------- ---------- ----------                                                                                                                   
      7369 SMITH      CLERK           7902 17-DEC-80        800                    20                                                                                                                   
      7566 JONES      MANAGER         7839 02-APR-81       2975                    20                                                                                                                   
      7698 BLAKE      MANAGER         7839 01-MAY-81       2850                    30                                                                                                                   
      7782 CLARK      MANAGER         7839 09-JUN-81       2450                    10                                                                                                                   
      7788 SCOTT      ANALYST         7566 19-APR-87       3000                    20                                                                                                                   
      7839 KING       PRESIDENT            17-NOV-81       5000                    10                                                                                                                   
      7876 ADAMS      CLERK           7788 23-MAY-87       1100                    20                                                                                                                   
      7900 JAMES      CLERK           7698 03-DEC-81        950                    30                                                                                                                   
      7902 FORD       ANALYST         7566 03-DEC-81       3000                    20                                                                                                                   
      7934 MILLER     CLERK           7782 23-JAN-82       1300                    10                                                                                                                   

10 rows selected.

SQL> SELECT *
  2  FROM DEPT
  3  WHERE DNAME LIKE '%O%' AND LOCATION LIKE '%O%';
WHERE DNAME LIKE '%O%' AND LOCATION LIKE '%O%'
                           *
ERROR at line 3:
ORA-00904: "LOCATION": invalid identifier 


SQL> ED
Wrote file afiedt.buf

  1  SELECT *
  2  FROM DEPT
  3* WHERE DNAME LIKE '%O%' AND LOC LIKE '%O%'
SQL> /

    DEPTNO DNAME          LOC                                                                                                                                                                           
---------- -------------- -------------                                                                                                                                                                 
        10 ACCOUNTING     NEW YORK                                                                                                                                                                      
        40 OPERATIONS     BOSTON                                                                                                                                                                        

SQL> --87--
SQL> SELECT *
  2  FROM EMP
  3  WHERE EMPNO LIKE '%9% AND MGR IS NULL;
ERROR:
ORA-01756: quoted string not properly terminated 


SQL> ED
Wrote file afiedt.buf

  1  SELECT *
  2  FROM EMP
  3* WHERE EMPNO LIKE '%9%' AND MGR IS NULL
SQL> /

     EMPNO ENAME      JOB              MGR HIREDATE         SAL       COMM     DEPTNO                                                                                                                   
---------- ---------- --------- ---------- --------- ---------- ---------- ----------                                                                                                                   
      7839 KING       PRESIDENT            17-NOV-81       5000                    10                                                                                                                   

SQL> SELECT *
  2  FROM EMP
  3  WHERE HIREDATE BETWEEN '1-FEB-81' AND '31-DEC-81';

     EMPNO ENAME      JOB              MGR HIREDATE         SAL       COMM     DEPTNO                                                                                                                   
---------- ---------- --------- ---------- --------- ---------- ---------- ----------                                                                                                                   
      7499 ALLEN      SALESMAN        7698 20-FEB-81       1600        300         30                                                                                                                   
      7521 WARD       SALESMAN        7698 22-FEB-81       1250        500         30                                                                                                                   
      7566 JONES      MANAGER         7839 02-APR-81       2975                    20                                                                                                                   
      7654 MARTIN     SALESMAN        7698 28-SEP-81       1250       1400         30                                                                                                                   
      7698 BLAKE      MANAGER         7839 01-MAY-81       2850                    30                                                                                                                   
      7782 CLARK      MANAGER         7839 09-JUN-81       2450                    10                                                                                                                   
      7839 KING       PRESIDENT            17-NOV-81       5000                    10                                                                                                                   
      7844 TURNER     SALESMAN        7698 08-SEP-81       1500          0         30                                                                                                                   
      7900 JAMES      CLERK           7698 03-DEC-81        950                    30                                                                                                                   
      7902 FORD       ANALYST         7566 03-DEC-81       3000                    20                                                                                                                   

10 rows selected.

SQL> E
SP2-0042: unknown command "E" - rest of line ignored.
SQL> ED
Wrote file afiedt.buf

  1  SELECT *
  2  FROM EMP
  3* WHERE HIREDATE BETWEEN '1-FEB-81' AND '31-MAY-81'
SQL> /

     EMPNO ENAME      JOB              MGR HIREDATE         SAL       COMM     DEPTNO                                                                                                                   
---------- ---------- --------- ---------- --------- ---------- ---------- ----------                                                                                                                   
      7499 ALLEN      SALESMAN        7698 20-FEB-81       1600        300         30                                                                                                                   
      7521 WARD       SALESMAN        7698 22-FEB-81       1250        500         30                                                                                                                   
      7566 JONES      MANAGER         7839 02-APR-81       2975                    20                                                                                                                   
      7698 BLAKE      MANAGER         7839 01-MAY-81       2850                    30                                                                                                                   

SQL> SELECT *
  2  FROM EMP
  3  
SQL> SELECT ENAME
  2  FROM EMP
  3  WHERE MGR =7698;

ENAME                                                                                                                                                                                                   
----------                                                                                                                                                                                              
ALLEN                                                                                                                                                                                                   
WARD                                                                                                                                                                                                    
MARTIN                                                                                                                                                                                                  
TURNER                                                                                                                                                                                                  
JAMES                                                                                                                                                                                                   

SQL> --90--
SQL> SELECT *
  2  FROM EMP
  3  WHERE SAL=MAX(SAL) AND DEPTNO IN (20,30);
WHERE SAL=MAX(SAL) AND DEPTNO IN (20,30)
          *
ERROR at line 3:
ORA-00934: group function is not allowed here 


SQL> ED
Wrote file afiedt.buf

  1  SELECT *
  2  FROM EMP
  3* WHERE SAL AND DEPTNO IN (20,30)
SQL> /
WHERE SAL AND DEPTNO IN (20,30)
          *
ERROR at line 3:
ORA-00920: invalid relational operator 


SQL> --91--
SQL> SELECT *
  2  FROM EMP
  3  
SQL> SELECT *
  2  FROM DEPT
  3  WHERE ENAME '%A%' AND DEPTNO =30;
WHERE ENAME '%A%' AND DEPTNO =30
            *
ERROR at line 3:
ORA-00920: invalid relational operator 


SQL> ED
Wrote file afiedt.buf

  1  SELECT *
  2  FROM DEPT
  3* WHERE ENAME LIKE '%A%' AND DEPTNO =30
SQL> /
WHERE ENAME LIKE '%A%' AND DEPTNO =30
      *
ERROR at line 3:
ORA-00904: "ENAME": invalid identifier 


SQL> ED
Wrote file afiedt.buf

  1  SELECT *
  2  FROM DEPT
  3* WHERE DNAME LIKE '%A%' AND DEPTNO =30
SQL> /

    DEPTNO DNAME          LOC                                                                                                                                                                           
---------- -------------- -------------                                                                                                                                                                 
        30 SALES          CHICAGO                                                                                                                                                                       

SQL> --92--
SQL> SELECT *
  2  FROM DEPT
  3  WHERE DNAME LIKE '%O%O%' AND LOC LIKE '%O%O%';

    DEPTNO DNAME          LOC                                                                                                                                                                           
---------- -------------- -------------                                                                                                                                                                 
        40 OPERATIONS     BOSTON                                                                                                                                                                        

SQL> --93--
SQL> SELECT *
  2  FROM EMP
  3  WHERE ENAME LIKE 'k%K';

no rows selected

SQL> --94--
SQL> SELECT *
  2  FROM EMP
  3  
SQL> SELECT *
  2  FROM DEPT
  3  WHERE DNAME LIKE '%K%' AND LOC LIKE '%K%';

no rows selected

SQL> --95--
SQL> SELECT *
  2  FROM  EMP
  3  WHERE ENAME LIKE '___p%';

no rows selected

SQL> SELECT *
  2  FROM EMP;

     EMPNO ENAME      JOB              MGR HIREDATE         SAL       COMM     DEPTNO                                                                                                                   
---------- ---------- --------- ---------- --------- ---------- ---------- ----------                                                                                                                   
      7369 SMITH      CLERK           7902 17-DEC-80        800                    20                                                                                                                   
      7499 ALLEN      SALESMAN        7698 20-FEB-81       1600        300         30                                                                                                                   
      7521 WARD       SALESMAN        7698 22-FEB-81       1250        500         30                                                                                                                   
      7566 JONES      MANAGER         7839 02-APR-81       2975                    20                                                                                                                   
      7654 MARTIN     SALESMAN        7698 28-SEP-81       1250       1400         30                                                                                                                   
      7698 BLAKE      MANAGER         7839 01-MAY-81       2850                    30                                                                                                                   
      7782 CLARK      MANAGER         7839 09-JUN-81       2450                    10                                                                                                                   
      7788 SCOTT      ANALYST         7566 19-APR-87       3000                    20                                                                                                                   
      7839 KING       PRESIDENT            17-NOV-81       5000                    10                                                                                                                   
      7844 TURNER     SALESMAN        7698 08-SEP-81       1500          0         30                                                                                                                   
      7876 ADAMS      CLERK           7788 23-MAY-87       1100                    20                                                                                                                   
      7900 JAMES      CLERK           7698 03-DEC-81        950                    30                                                                                                                   
      7902 FORD       ANALYST         7566 03-DEC-81       3000                    20                                                                                                                   
      7934 MILLER     CLERK           7782 23-JAN-82       1300                    10                                                                                                                   

14 rows selected.

SQL> --96--
SQL> SELECT *
  2  FROM EMP
  3  WHERE JOB = 'MANAGER' AND EMPNO BETWEEN 7698 AND 7839 AND SAL LIKE '%5';

no rows selected

SQL> SELECT ENAME , MGR,SAL
  2  FROM EMP
  3  WHERE MGR BETWEEN 7698 AND 7839 AND SAL LIKE '%5';

ENAME             MGR        SAL                                                                                                                                                                        
---------- ---------- ----------                                                                                                                                                                        
JONES            7839       2975                                                                                                                                                                        

SQL> -- 98--
SQL> SELECT *
  2  FROM EMP
  3  WHERE DEPTNO NOT IN (30,10) AND HIREDATE BETWEEN '1-JAN-81' AND '31-DEC-81';

     EMPNO ENAME      JOB              MGR HIREDATE         SAL       COMM     DEPTNO                                                                                                                   
---------- ---------- --------- ---------- --------- ---------- ---------- ----------                                                                                                                   
      7566 JONES      MANAGER         7839 02-APR-81       2975                    20                                                                                                                   
      7902 FORD       ANALYST         7566 03-DEC-81       3000                    20                                                                                                                   

SQL> SELECT ENAME
  2  FROM EMP
  3  WHERE DEPTNO NOT IN (10,20,30) AND JOB = ('CLERK','SALESMAN','ANALYST');
WHERE DEPTNO NOT IN (10,20,30) AND JOB = ('CLERK','SALESMAN','ANALYST')
                                       *
ERROR at line 3:
ORA-01797: this operator must be followed by ANY or ALL 


SQL> ED
Wrote file afiedt.buf

  1  SELECT ENAME
  2  FROM EMP
  3* WHERE DEPTNO NOT IN (10,20,30) AND JOB IN ('CLERK','SALESMAN','ANALYST')
SQL> /

no rows selected

SQL> ED
Wrote file afiedt.buf

  1  SELECT ENAME
  2  FROM EMP
  3* WHERE DEPTNO  IN (10,20,30) AND JOB IN ('CLERK','SALESMAN','ANALYST')
SQL> /

ENAME                                                                                                                                                                                                   
----------                                                                                                                                                                                              
SMITH                                                                                                                                                                                                   
ALLEN                                                                                                                                                                                                   
WARD                                                                                                                                                                                                    
MARTIN                                                                                                                                                                                                  
SCOTT                                                                                                                                                                                                   
TURNER                                                                                                                                                                                                  
ADAMS                                                                                                                                                                                                   
JAMES                                                                                                                                                                                                   
FORD                                                                                                                                                                                                    
MILLER                                                                                                                                                                                                  

10 rows selected.

SQL> SPOOL OFF
